Name,Team,K%,BB%,K-BB%,AVG,BABIP,FIP,GB/FB,LD%,GB%,FB%,IFFB%,HR/FB,IFH%,BUH%,SV,HLD,playerid
Tyler Olson,Indians,0.28,0.06,0.22,0.182,0.25,2.34,1.88,0.18,0.53,0.28,0.24,0.06,0.09,0,1,9,14741
Andrew Miller,Indians,0.39,0.09,0.3,0.148,0.246,2.02,1.2,0.24,0.41,0.35,0.09,0.07,0.13,0.25,3,29,6785
Craig Kimbrel,Red Sox,0.49,0.06,0.42,0.136,0.25,1.46,0.86,0.21,0.37,0.43,0.12,0.12,0.11,0,40,1,6655
Pat Neshek,- - -,0.29,0.03,0.27,0.21,0.287,1.86,0.79,0.18,0.36,0.46,0.16,0.04,0.11,0.17,1,23,4682
Joey Lucchesi,Padres,0.30,0.05,0.25,0.213,0.296,1.9,1.21,0.21,0.43,0.36,0.05,0.05,0.09,0,0,0,19320
Matt Albers,- - -,0.26,0.07,0.19,0.179,0.219,3.39,1.65,0.19,0.5,0.3,0.17,0.14,0.09,0.6,3,15,4300
Ryan Merritt,Indians,0.08,0.05,0.03,0.306,0.333,3.06,2.63,0.26,0.54,0.21,0.13,0,0.05,0,0,0,13688
Richard Bleier,Orioles,0.10,0.05,0.05,0.247,0.259,4.15,3.41,0.13,0.68,0.2,0.04,0.12,0.08,0.25,0,5,7803
Ryan Madson,- - -,0.30,0.05,0.25,0.201,0.285,2.02,2.15,0.24,0.52,0.24,0.1,0.05,0.04,0,4,28,1852
Archie Bradley,Diamondbacks,0.27,0.07,0.2,0.205,0.276,2.53,1.6,0.23,0.47,0.3,0.11,0.07,0.05,0.25,2,31,12918
Steve Cishek,- - -,0.23,0.09,0.15,0.169,0.212,3.27,2.19,0.17,0.57,0.26,0.08,0.08,0.06,1,1,16,6483
Brandon Morrow,- - -,0.29,0.06,0.23,0.186,0.27,1.63,1.53,0.25,0.46,0.3,0.22,0,0.07,0,4,10,9346
Chad Green,Yankees,0.41,0.06,0.35,0.152,0.252,1.57,0.64,0.28,0.28,0.44,0.09,0.06,0.05,0,0,10,15552
Drew Steckenrider,Marlins,0.36,0.11,0.25,0.211,0.326,2.72,1.06,0.23,0.4,0.38,0.11,0.11,0.16,0,1,12,18806
Kenley Jansen,Dodgers,0.40,0.04,0.37,0.188,0.288,1.92,0.89,0.21,0.37,0.42,0.21,0.12,0.1,0,43,1,3096
A.J. Minter,Braves,0.36,0.08,0.29,0.19,0.3,1.75,0.85,0.25,0.35,0.41,0.15,0.05,0,0.5,0,7,18655
Felipe Vazquez,Pirates,0.30,0.07,0.22,0.171,0.238,2.43,1.76,0.21,0.51,0.29,0.14,0.07,0.1,0,26,14,12076
A.J. Schugel,Pirates,0.20,0.1,0.1,0.254,0.304,4,1.88,0.19,0.53,0.28,0.04,0.12,0,0.5,0,4,11432
Alan Busenitz,Twins,0.19,0.07,0.11,0.209,0.227,4.19,0.81,0.17,0.37,0.46,0.05,0.1,0.06,1,0,2,15239
Josh Hader,Brewers,0.41,0.11,0.3,0.14,0.225,2.56,0.61,0.15,0.32,0.53,0.13,0.09,0.06,0.4,2,16,14212
Hoby Milner,Phillies,0.16,0.12,0.05,0.244,0.28,4.7,1.21,0.2,0.44,0.36,0.13,0.08,0.09,0,0,7,13346
Corey Knebel,Brewers,0.41,0.13,0.28,0.184,0.317,2.62,0.83,0.17,0.38,0.45,0.15,0.11,0.13,0,40,11,15010
David Robertson,- - -,0.37,0.08,0.28,0.147,0.212,2.55,1.26,0.14,0.48,0.38,0.07,0.12,0.05,0,14,10,8241
Cory Gearrin,Giants,0.24,0.12,0.11,0.209,0.269,3.88,1.47,0.22,0.47,0.32,0.08,0.08,0.05,0.5,0,9,7947
Brad Hand,Padres,0.34,0.07,0.27,0.191,0.266,3.03,1.43,0.2,0.47,0.33,0.09,0.15,0.03,0.25,27,16,9111
Corey Kluber,Indians,0.34,0.05,0.29,0.187,0.259,2.48,1.32,0.22,0.44,0.34,0.12,0.13,0.06,0.2,0,0,2429
Clayton Kershaw,Dodgers,0.30,0.04,0.26,0.209,0.265,3.06,1.44,0.2,0.47,0.33,0.1,0.16,0.09,0.22,0,0,2036
Wade Davis,- - -,0.33,0.11,0.21,0.176,0.246,3.37,1.02,0.21,0.4,0.39,0.14,0.12,0.05,0,40,0,7441
John Brebbia,Cardinals,0.25,0.05,0.2,0.186,0.212,3.97,0.47,0.18,0.26,0.56,0.03,0.1,0.05,0,0,6,12777
Sam Freeman,Braves,0.23,0.12,0.11,0.205,0.267,3.41,2.26,0.16,0.58,0.26,0,0.06,0.05,0,0,14,6832
Max Scherzer,Nationals,0.35,0.07,0.28,0.173,0.242,2.75,0.77,0.16,0.37,0.48,0.12,0.1,0.06,0.11,0,0,3137
Anthony Swarzak,- - -,0.30,0.07,0.23,0.206,0.28,2.88,1.04,0.15,0.43,0.42,0.14,0.09,0.04,0,2,28,7466
Raisel Iglesias,Reds,0.31,0.09,0.22,0.196,0.276,2.76,1.26,0.25,0.42,0.33,0.03,0.09,0.06,0,30,0,17130
Dan Winkler,Braves,0.35,0.11,0.24,0.158,0.244,2.37,0.8,0.2,0.36,0.44,0,0.05,0.06,0,0,5,12237
Ken Giles,Astros,0.32,0.08,0.24,0.203,0.293,2.38,1.16,0.18,0.44,0.38,0.05,0.07,0.09,0,35,2,12910
Noe Ramirez,- - -,0.29,0.12,0.17,0.198,0.269,3.34,1.33,0.22,0.44,0.33,0.11,0.11,0.04,0,0,0,12800
Adam Warren,Yankees,0.25,0.07,0.18,0.185,0.235,2.91,1.24,0.17,0.46,0.37,0.1,0.07,0.04,0.5,1,12,9029
Keone Kela,Rangers,0.33,0.12,0.21,0.132,0.178,3.24,0.51,0.12,0.3,0.59,0.2,0.07,0.07,0,4,11,14696
Brian Duensing,Cubs,0.24,0.07,0.16,0.237,0.296,3.33,1.4,0.19,0.47,0.34,0.09,0.09,0.06,0,0,14,4064
Hunter Strickland,Giants,0.22,0.1,0.12,0.24,0.301,3.63,0.94,0.17,0.4,0.43,0.17,0.06,0.06,0,3,21,7836
Chris Devenski,Astros,0.32,0.08,0.24,0.176,0.224,3.41,0.91,0.16,0.4,0.44,0.11,0.14,0.08,0.29,6,26,12763
Stephen Strasburg,Nationals,0.29,0.07,0.22,0.203,0.269,2.87,1.41,0.19,0.47,0.34,0.11,0.1,0.06,0.29,0,0,10131
Josh Fields,Dodgers,0.28,0.07,0.21,0.188,0.223,3.75,0.55,0.22,0.28,0.5,0.16,0.12,0.04,0.5,2,16,5070
Tommy Hunter,Rays,0.28,0.06,0.22,0.202,0.259,3.07,1.27,0.21,0.44,0.35,0.14,0.12,0.06,0.5,1,25,1157
Tony Zych,Mariners,0.20,0.12,0.08,0.204,0.255,3.99,1.67,0.21,0.5,0.3,0.18,0.06,0.02,0,1,12,12876
Cody Allen,Indians,0.32,0.08,0.25,0.214,0.295,3.07,0.75,0.19,0.35,0.47,0.11,0.11,0.1,0.25,33,4,12183
Addison Reed,- - -,0.25,0.05,0.2,0.217,0.261,3.5,0.93,0.17,0.4,0.43,0.08,0.11,0.05,0,19,17,10586
Nick Goody,Indians,0.30,0.09,0.21,0.195,0.259,3.5,0.57,0.24,0.28,0.49,0.16,0.1,0.08,0,0,7,13685
Yonny Chirinos,Rays,0.19,0.06,0.12,0.205,0.246,3.4,1.56,0.28,0.44,0.28,0.06,0.06,0.04,1,0,0,16401
Luis Garcia,Phillies,0.20,0.09,0.11,0.223,0.277,3.15,2.17,0.17,0.57,0.26,0.05,0.05,0.05,0.5,2,16,6984
Shane Greene,Tigers,0.26,0.12,0.14,0.207,0.271,3.74,1.41,0.17,0.48,0.34,0.03,0.09,0.08,1,12,14,10756
Sam Tuivailala,Cardinals,0.19,0.07,0.12,0.234,0.274,3.75,1.41,0.2,0.47,0.33,0.02,0.09,0.08,0,0,1,13485
Brad Boxberger,- - -,0.34,0.1,0.24,0.197,0.282,3.14,1,0.15,0.43,0.43,0.06,0.12,0.06,0.5,5,5,10133
Pedro Baez,Dodgers,0.24,0.1,0.14,0.221,0.272,4.03,0.84,0.22,0.36,0.43,0.17,0.1,0.07,0,0,24,5420
Arodys Vizcaino,Braves,0.27,0.1,0.17,0.193,0.242,3.89,0.86,0.18,0.38,0.44,0.1,0.11,0.08,0,15,17,5498
Chris Sale,Red Sox,0.36,0.05,0.31,0.206,0.302,2.36,0.95,0.21,0.39,0.41,0.12,0.12,0.08,0.14,0,0,10603
Craig Stammen,Padres,0.23,0.08,0.15,0.21,0.245,4.01,1.75,0.16,0.54,0.31,0.07,0.16,0.06,0.25,0,15,7274
Chase Anderson,Brewers,0.23,0.07,0.16,0.213,0.255,3.79,0.89,0.18,0.39,0.43,0.12,0.1,0.05,0.27,0,0,6895
Alex Claudio,Rangers,0.17,0.04,0.13,0.241,0.28,3.14,3.91,0.18,0.65,0.17,0.11,0.11,0.04,0,12,9,12890
Carl Edwards Jr.,Cubs,0.37,0.14,0.23,0.137,0.209,3.08,1.13,0.2,0.43,0.38,0.04,0.12,0.02,0,0,27,13607
Yusmeiro Petit,- - -,0.27,0.05,0.22,0.213,0.27,2.86,0.78,0.18,0.36,0.46,0.18,0.08,0.05,0,4,15,4020
Dominic Leone,- - -,0.30,0.08,0.23,0.208,0.275,3.17,0.94,0.18,0.4,0.42,0.1,0.11,0.05,0,1,14,13763
Ryan Buchter,- - -,0.24,0.1,0.14,0.198,0.228,4.45,0.62,0.16,0.32,0.52,0.22,0.11,0.16,0.25,1,24,9456
Garrett Richards,Angels,0.26,0.11,0.15,0.179,0.229,3.51,1.94,0.17,0.55,0.28,0.12,0.12,0.05,0,0,0,9784
Sean Doolittle,- - -,0.35,0.06,0.29,0.171,0.233,2.69,0.59,0.19,0.3,0.51,0.19,0.1,0.07,0,27,9,1581
Will Harris,Astros,0.28,0.05,0.23,0.223,0.281,3.22,1.42,0.17,0.49,0.34,0.15,0.15,0.06,1,2,22,3192
Blake Parker,Angels,0.32,0.07,0.25,0.188,0.253,2.93,1.31,0.2,0.46,0.35,0.12,0.13,0.06,0.5,9,16,5224
Zach McAllister,Indians,0.26,0.09,0.17,0.232,0.282,4.15,0.79,0.21,0.35,0.44,0.08,0.13,0,0,0,4,2895
Alex Wood,Dodgers,0.25,0.06,0.19,0.211,0.262,3.13,1.95,0.19,0.54,0.27,0.08,0.12,0.07,0.13,0,1,13781
Kyle Crick,- - -,0.21,0.13,0.09,0.187,0.231,3.82,0.83,0.15,0.39,0.46,0.1,0.05,0.06,0,0,1,13182
Juan Nicasio,- - -,0.25,0.06,0.18,0.218,0.27,3.31,1.19,0.21,0.43,0.36,0.05,0.1,0.04,0.33,6,28,7731
Mike Minor,- - -,0.28,0.07,0.2,0.197,0.26,2.89,0.85,0.17,0.38,0.45,0.12,0.07,0.06,0,6,17,10021
Zach Britton,Orioles,0.18,0.11,0.07,0.273,0.336,3.4,9.11,0.2,0.73,0.08,0.11,0.11,0.06,0,15,0,3240
Scott Alexander,- - -,0.20,0.11,0.09,0.244,0.303,3.4,6.12,0.16,0.72,0.12,0,0.12,0.08,0,4,10,10591
Gio Gonzalez,Nationals,0.23,0.1,0.14,0.22,0.269,3.8,1.32,0.19,0.46,0.35,0.09,0.11,0.05,0.21,0,0,7448
Edwin Diaz,Mariners,0.34,0.11,0.23,0.167,0.227,3.65,0.9,0.15,0.4,0.45,0.25,0.14,0.11,0.33,41,2,14710
Pedro Strop,Cubs,0.26,0.1,0.16,0.212,0.279,3.32,1.92,0.12,0.58,0.3,0.1,0.1,0.09,0.5,0,21,4070
Luis Severino,Yankees,0.30,0.07,0.23,0.203,0.271,2.92,1.65,0.19,0.51,0.31,0.11,0.13,0.07,0,0,0,15890
Tommy Kahnle,- - -,0.36,0.09,0.28,0.216,0.338,2.23,1.05,0.21,0.41,0.39,0.07,0.08,0.14,0,0,17,11384
Noah Syndergaard,Mets,0.32,0.04,0.28,0.229,0.333,1.6,2.42,0.2,0.56,0.23,0.03,0.07,0.08,0,0,0,11762
Jerry Blevins,Mets,0.31,0.12,0.19,0.227,0.333,3.21,1.04,0.21,0.4,0.39,0.1,0.08,0.12,0.33,1,21,7841
Jared Hughes,- - -,0.21,0.1,0.11,0.223,0.275,3.78,3,0.17,0.62,0.21,0.16,0.11,0.05,0.67,1,13,9325
Kyle Barraclough,Marlins,0.28,0.13,0.16,0.21,0.286,3.68,1.28,0.23,0.44,0.34,0.08,0.12,0.08,0,1,22,13713
Roberto Osuna,Blue Jays,0.32,0.03,0.29,0.186,0.267,1.76,1.46,0.19,0.48,0.33,0.11,0.05,0.07,0.33,44,0,13764
Dallas Keuchel,Astros,0.21,0.08,0.13,0.223,0.264,3.8,3.51,0.15,0.66,0.19,0.05,0.19,0.09,0.13,0,0,9434
Chris Rusin,Rockies,0.20,0.06,0.14,0.24,0.278,3.85,2.35,0.16,0.59,0.25,0.04,0.16,0.07,0.71,2,13,9895
Javy Guerra,Marlins,0.14,0.08,0.06,0.284,0.313,4.25,1.95,0.18,0.54,0.28,0.21,0.11,0.03,0,0,0,7407
Luis Avilan,- - -,0.27,0.12,0.15,0.247,0.346,2.91,2.39,0.26,0.52,0.22,0,0.07,0.08,0.67,0,15,2882
Hector Velazquez,Red Sox,0.20,0.07,0.13,0.245,0.271,4.37,1.09,0.2,0.42,0.38,0.12,0.14,0.09,0,0,0,19341
Mike Clevinger,Indians,0.27,0.12,0.15,0.218,0.283,3.77,1.11,0.23,0.41,0.37,0.09,0.11,0.05,0.5,0,0,12808
Joe Kelly,Red Sox,0.22,0.12,0.1,0.197,0.25,3.49,1.85,0.25,0.49,0.26,0.11,0.07,0.02,0,1,13,9761
Brad Peacock,Astros,0.30,0.1,0.2,0.206,0.281,3.21,1.14,0.18,0.44,0.38,0.11,0.1,0.09,0,1,1,5401
Taylor Rogers,Twins,0.20,0.09,0.11,0.246,0.29,4.01,1.48,0.25,0.45,0.3,0.09,0.11,0.03,0,0,30,13449
Jeurys Familia,Mets,0.25,0.13,0.12,0.2,0.275,3.21,2.65,0.19,0.59,0.22,0.2,0.05,0.08,0,13,2,5114
Brad Brach,Orioles,0.26,0.1,0.15,0.202,0.257,3.53,1.09,0.2,0.42,0.39,0.13,0.09,0.1,0.33,21,9,6627
Tyler Lyons,Cardinals,0.30,0.09,0.21,0.212,0.303,3.03,1.05,0.22,0.4,0.38,0.09,0.07,0.07,0,3,20,11334
Kyle Hendricks,Cubs,0.21,0.07,0.14,0.241,0.279,4.11,1.64,0.21,0.49,0.3,0.1,0.16,0.1,0.27,0,0,12049
Kevin McCarthy,Royals,0.14,0.06,0.07,0.275,0.306,3.91,2.12,0.18,0.56,0.26,0.12,0.1,0.07,0,0,1,15240
David Hernandez,- - -,0.24,0.04,0.2,0.235,0.297,2.76,1.07,0.17,0.43,0.4,0.08,0.07,0.09,0,2,18,4259
Kyle McGrath,Padres,0.22,0.1,0.12,0.202,0.217,4.83,0.53,0.19,0.28,0.53,0.12,0.12,0,0,0,0,16793
Justin Verlander,- - -,0.27,0.08,0.19,0.213,0.265,3.72,0.74,0.23,0.33,0.44,0.1,0.11,0.05,0.5,0,0,8700
Dan Otero,Indians,0.16,0.04,0.13,0.264,0.295,3.65,5.4,0.24,0.64,0.12,0.08,0.28,0.05,0.33,0,1,7385
David Price,Red Sox,0.23,0.08,0.15,0.217,0.267,3.58,1,0.19,0.4,0.4,0.14,0.08,0.07,0,0,1,3184
Aroldis Chapman,Yankees,0.35,0.09,0.26,0.193,0.302,2.24,1.33,0.16,0.48,0.36,0.13,0.07,0.12,0,24,1,10233
Robbie Ray,Diamondbacks,0.33,0.11,0.22,0.2,0.27,3.88,0.97,0.19,0.4,0.41,0.08,0.17,0.04,0.25,0,0,11486
Tony Watson,- - -,0.20,0.07,0.13,0.262,0.308,4.13,1.67,0.23,0.48,0.29,0.13,0.14,0.1,0.25,10,15,3132
Mychal Givens,Orioles,0.28,0.09,0.19,0.206,0.262,3.76,1.07,0.18,0.43,0.4,0.16,0.13,0.05,0,0,21,10430
Brandon Workman,Red Sox,0.23,0.07,0.16,0.247,0.283,4.49,1.14,0.19,0.43,0.38,0.07,0.17,0.1,0.5,0,4,11428
Jose Alvarado,Rays,0.25,0.08,0.17,0.207,0.277,2.4,1.93,0.14,0.57,0.29,0.1,0.03,0.09,0.67,0,10,17780
James Paxton,Mariners,0.29,0.07,0.21,0.221,0.298,2.83,1.23,0.22,0.43,0.35,0.12,0.09,0.05,0.2,0,0,11828
Hector Neris,Phillies,0.27,0.08,0.19,0.236,0.305,3.73,0.73,0.23,0.33,0.44,0.1,0.11,0.07,0.13,28,4,11804
Paul Blackburn,Athletics,0.09,0.07,0.03,0.262,0.273,4.38,2.27,0.19,0.56,0.25,0.04,0.1,0.02,0.5,0,0,14739
Darren O'Day,Orioles,0.31,0.1,0.21,0.191,0.25,3.8,1.22,0.15,0.47,0.38,0.19,0.16,0.09,0,2,20,3321
Andrew Kittredge,Rays,0.17,0.08,0.09,0.257,0.282,4.76,1.52,0.19,0.49,0.32,0.04,0.16,0.13,0.5,0,1,12828
Peter Moylan,- - -,0.20,0.12,0.08,0.202,0.244,4,2.84,0.19,0.6,0.21,0.08,0.11,0.07,0,0,24,4891
Danny Barnes,Blue Jays,0.25,0.08,0.16,0.208,0.239,4.3,0.66,0.16,0.34,0.51,0.13,0.12,0.02,1,0,13,11388
Dan Jennings,- - -,0.19,0.11,0.08,0.222,0.254,4.47,2.84,0.19,0.6,0.21,0.14,0.19,0.05,0.5,0,15,8073
Lucas Giolito,White Sox,0.16,0.09,0.07,0.192,0.201,4.91,1.07,0.19,0.42,0.39,0.14,0.11,0.04,0,0,0,15474
Ervin Santana,Twins,0.19,0.07,0.12,0.223,0.245,4.46,0.97,0.16,0.41,0.43,0.12,0.12,0.04,0.25,0,0,3200
Nick Vincent,Mariners,0.19,0.05,0.14,0.25,0.296,3.11,0.62,0.22,0.3,0.48,0.13,0.05,0.06,0.14,0,33,7555
Fernando Abad,Red Sox,0.20,0.08,0.13,0.24,0.286,3.68,1.26,0.19,0.45,0.36,0.09,0.09,0.07,1,1,2,4994
Carlos Carrasco,Indians,0.27,0.06,0.22,0.23,0.297,3.19,1.37,0.21,0.45,0.33,0.1,0.13,0.04,0.17,0,0,6632
Trevor Hildenberger,Twins,0.23,0.05,0.19,0.235,0.281,3.65,2.39,0.19,0.57,0.24,0.06,0.18,0.01,0,1,13,17002
Chasen Shreve,Yankees,0.29,0.13,0.17,0.197,0.246,4.56,0.95,0.17,0.41,0.43,0.14,0.16,0.11,0,0,1,10855
Drew Pomeranz,Red Sox,0.24,0.09,0.14,0.249,0.31,3.84,1.24,0.22,0.43,0.35,0.11,0.11,0.12,0.25,0,0,11426
Madison Bumgarner,Giants,0.22,0.04,0.18,0.237,0.272,3.95,0.99,0.18,0.41,0.41,0.11,0.13,0.08,0.2,0,0,5524
Zack Godley,Diamondbacks,0.26,0.09,0.17,0.216,0.276,3.38,2.17,0.18,0.56,0.26,0.09,0.14,0.05,0.25,0,0,14862
Charlie Morton,Astros,0.27,0.08,0.19,0.222,0.293,3.42,1.86,0.19,0.53,0.28,0.11,0.13,0.1,0.75,0,0,4676
Jose Alvarez,Angels,0.23,0.06,0.17,0.243,0.293,3.64,1.17,0.22,0.42,0.36,0.1,0.12,0.04,0,1,13,5358
Dellin Betances,Yankees,0.39,0.16,0.23,0.168,0.288,3.5,1.37,0.17,0.48,0.35,0.21,0.14,0.02,0,10,19,6216
Collin McHugh,Astros,0.24,0.07,0.17,0.247,0.309,3.78,0.79,0.21,0.35,0.44,0.04,0.09,0.07,0,0,0,7531
Chasen Bradford,- - -,0.19,0.09,0.1,0.222,0.261,3.69,2.06,0.14,0.58,0.28,0.12,0.09,0.09,0,0,3,12452
Andrew Cashner,- - -,0.13,0.09,0.04,0.244,0.263,4.72,1.41,0.19,0.48,0.34,0.1,0.1,0.04,0.2,0,0,8782
Wandy Peralta,Reds,0.22,0.11,0.11,0.21,0.249,4.24,1.72,0.16,0.53,0.31,0.12,0.13,0.07,0,0,17,14295
Ross Stripling,Dodgers,0.24,0.07,0.18,0.245,0.303,3.49,1.55,0.23,0.47,0.3,0.11,0.14,0.03,0.25,2,4,13273
Zack Greinke,Diamondbacks,0.27,0.05,0.22,0.231,0.289,3.36,1.29,0.19,0.46,0.36,0.1,0.14,0.07,0,0,0,1943
Aaron Nola,Phillies,0.25,0.07,0.18,0.232,0.294,3.31,1.6,0.19,0.5,0.31,0.09,0.12,0.05,0.2,0,0,16149
Yacksel Rios,Phillies,0.21,0.12,0.09,0.247,0.283,5.57,1,0.21,0.4,0.4,0.16,0.16,0.08,0,0,1,15007
Andrew Chafin,Diamondbacks,0.28,0.1,0.17,0.236,0.319,3.36,2.63,0.21,0.57,0.22,0.06,0.16,0.07,0,0,18,12988
Sergio Romo,- - -,0.27,0.09,0.18,0.205,0.25,4.05,0.91,0.21,0.38,0.42,0.14,0.14,0.09,0,0,12,9817
David Phelps,- - -,0.26,0.11,0.15,0.242,0.319,3.55,1.53,0.25,0.45,0.3,0.02,0.12,0.05,0.33,0,21,6316
Trevor Rosenthal,Cardinals,0.38,0.1,0.28,0.206,0.337,2.17,1.31,0.28,0.41,0.31,0.09,0.09,0.07,0,11,12,10745
Daniel Stumpf,Tigers,0.20,0.1,0.1,0.25,0.294,4.4,1.11,0.2,0.42,0.38,0.09,0.11,0.04,0,0,11,13780
Brock Stewart,Dodgers,0.20,0.13,0.07,0.22,0.255,4.73,1.03,0.19,0.41,0.4,0.05,0.11,0.03,0.33,1,1,16727
Marcus Stroman,Blue Jays,0.20,0.08,0.12,0.264,0.315,3.89,3.23,0.18,0.63,0.19,0.04,0.18,0.04,0.33,0,0,13431
Jake McGee,Rockies,0.25,0.07,0.18,0.209,0.266,3.02,0.96,0.17,0.41,0.42,0.12,0.07,0.06,0,3,25,7550
Carlos Martinez,Cardinals,0.26,0.09,0.17,0.224,0.281,3.84,1.73,0.18,0.52,0.3,0.09,0.15,0.09,0.3,0,0,11682
Chris Stratton,Giants,0.19,0.11,0.08,0.242,0.294,3.82,1.33,0.3,0.4,0.3,0.05,0.08,0.05,0.25,1,0,13761
Keynan Middleton,Angels,0.25,0.08,0.17,0.254,0.307,4.2,0.88,0.23,0.36,0.41,0.12,0.14,0.09,0,7,11,15264
Dillon Gee,- - -,0.19,0.07,0.12,0.28,0.319,4.76,1.03,0.19,0.41,0.4,0.09,0.14,0.05,0.5,1,0,7396
Brandon Kintzler,- - -,0.15,0.07,0.09,0.244,0.275,3.81,2.06,0.2,0.54,0.26,0.15,0.09,0.08,0,29,13,9939
Luke Weaver,Cardinals,0.28,0.07,0.21,0.24,0.317,3.07,1.6,0.21,0.49,0.3,0.1,0.13,0.08,0,0,0,16918
Mike Montgomery,Cubs,0.18,0.1,0.08,0.221,0.257,4.17,2.32,0.16,0.59,0.25,0.04,0.11,0.07,0.14,3,1,4869
Taijuan Walker,Diamondbacks,0.21,0.09,0.12,0.245,0.295,4.02,1.48,0.19,0.48,0.33,0.06,0.11,0.07,0.33,0,0,11836
Emilio Pagan,- - -,0.25,0.04,0.21,0.223,0.256,3.93,0.42,0.2,0.24,0.56,0.15,0.11,0.1,0,0,10,14771
Jimmy Nelson,Brewers,0.27,0.07,0.21,0.255,0.34,3.05,1.84,0.22,0.5,0.27,0.08,0.13,0.07,0.14,0,0,10547
Donnie Hart,Orioles,0.15,0.06,0.08,0.276,0.307,4.36,1.66,0.14,0.54,0.33,0.06,0.1,0.06,0,0,5,15306
Jacob deGrom,Mets,0.29,0.07,0.22,0.234,0.305,3.39,1.39,0.21,0.46,0.33,0.11,0.16,0.08,0.25,0,0,10954
Lance Lynn,- - -,0.20,0.11,0.09,0.218,0.245,4.83,1.23,0.2,0.44,0.36,0.11,0.14,0.08,0.1,0,0,2520
George Kontos,- - -,0.23,0.07,0.16,0.241,0.284,4.02,1.28,0.19,0.45,0.35,0.04,0.15,0.07,0.29,2,13,9486
Andrew Albers,Mariners,0.21,0.06,0.15,0.259,0.301,4.13,0.84,0.27,0.34,0.4,0.1,0.12,0.09,0,1,0,7853
Jake Arrieta,- - -,0.23,0.08,0.15,0.234,0.278,4.16,1.39,0.2,0.47,0.34,0.08,0.14,0.08,0,0,0,4153
Joe Smith,- - -,0.32,0.06,0.26,0.231,0.329,2.23,1.7,0.21,0.5,0.3,0.12,0.09,0.06,0,1,22,3281
Ryan Tepera,Blue Jays,0.26,0.1,0.16,0.206,0.261,3.88,1.01,0.18,0.41,0.41,0.18,0.1,0.03,0,2,22,10291
Jason Motte,Braves,0.16,0.12,0.04,0.196,0.2,5.44,1.13,0.15,0.45,0.4,0.07,0.13,0.08,0,0,5,5861
Bryan Shaw,- - -,0.22,0.07,0.15,0.25,0.31,3.24,2.33,0.22,0.55,0.23,0.14,0.12,0.11,0,3,30,8110
J.A. Happ,Blue Jays,0.24,0.07,0.16,0.25,0.305,3.86,1.4,0.2,0.47,0.33,0.08,0.14,0.12,0.8,0,0,7410
Blake Treinen,- - -,0.23,0.08,0.15,0.268,0.339,3.43,2.41,0.2,0.56,0.23,0.11,0.13,0.08,0.67,19,10,12572
Justin Wilson,- - -,0.32,0.15,0.17,0.188,0.27,3.77,0.78,0.19,0.35,0.46,0.09,0.1,0.08,0,13,10,4301
Rich Hill,Dodgers,0.30,0.09,0.2,0.21,0.271,3.84,0.8,0.19,0.36,0.45,0.11,0.13,0.07,0.2,0,0,4806
Randall Delgado,Diamondbacks,0.23,0.05,0.18,0.245,0.302,3.16,1.46,0.23,0.46,0.32,0.11,0.11,0.08,0,1,2,5985
Miguel Castro,Orioles,0.15,0.1,0.04,0.221,0.236,4.79,1.59,0.18,0.51,0.32,0.05,0.12,0.07,0,0,1,15684
Brian Johnson,Red Sox,0.20,0.08,0.12,0.263,0.303,4.37,0.85,0.18,0.38,0.44,0.11,0.11,0.13,0,0,0,14272
Domingo German,Yankees,0.31,0.12,0.19,0.203,0.283,3.33,1.69,0.24,0.48,0.28,0.23,0.15,0.09,0,0,0,17149
Daniel Mengden,Athletics,0.17,0.04,0.13,0.236,0.26,3.81,1.03,0.23,0.39,0.38,0.14,0.1,0.06,0.33,0,0,16980
Jarlin Garcia,Marlins,0.18,0.09,0.09,0.196,0.221,4.16,1.08,0.18,0.43,0.4,0.13,0.08,0.04,0,0,15,18282
Eddie Butler,Cubs,0.14,0.11,0.03,0.23,0.255,4.35,1.54,0.2,0.48,0.31,0.13,0.07,0.04,0.25,0,0,13453
Daniel Coulombe,Athletics,0.18,0.1,0.09,0.243,0.282,4.32,2.09,0.16,0.57,0.27,0.04,0.13,0.06,0.33,0,13,13293
Phil Maton,Padres,0.27,0.08,0.18,0.238,0.282,4.64,1.34,0.22,0.45,0.33,0.07,0.23,0.09,0.5,1,9,18064
Josh Edgin,Mets,0.16,0.11,0.05,0.273,0.319,4.62,1.35,0.18,0.47,0.35,0.13,0.08,0.02,0,1,4,10796
Hyun-Jin Ryu,Dodgers,0.22,0.09,0.14,0.25,0.293,4.53,1.4,0.22,0.46,0.32,0.08,0.18,0.06,0.38,1,0,14444
Jose Berrios,Twins,0.24,0.07,0.17,0.228,0.283,3.57,0.99,0.21,0.39,0.4,0.1,0.09,0.07,0.25,0,0,14168
Jose Leclerc,Rangers,0.30,0.2,0.11,0.145,0.202,4.34,0.76,0.12,0.38,0.5,0.18,0.08,0.08,1,2,10,14524
Jhan Marinez,- - -,0.17,0.1,0.07,0.279,0.326,4.65,1.72,0.2,0.51,0.29,0.04,0.11,0.11,0.25,0,3,5830
Brent Suter,Brewers,0.18,0.06,0.12,0.264,0.309,3.62,1.33,0.27,0.42,0.32,0.15,0.09,0.05,0.17,0,0,13942
CC Sabathia,Yankees,0.19,0.08,0.11,0.245,0.274,4.62,1.73,0.22,0.49,0.29,0.08,0.18,0.07,0.64,0,0,404
Alex Colome,Rays,0.20,0.09,0.11,0.246,0.3,3.55,1.57,0.19,0.5,0.32,0.09,0.07,0.06,0.25,50,1,6661
Kirby Yates,- - -,0.38,0.08,0.3,0.203,0.282,3.75,0.52,0.16,0.29,0.56,0.04,0.17,0.14,1,1,22,9073
Jacob Barnes,Brewers,0.26,0.11,0.15,0.207,0.267,3.75,2.13,0.19,0.55,0.26,0.07,0.15,0.13,0.4,3,25,12323
Patrick Corbin,Diamondbacks,0.23,0.07,0.16,0.259,0.316,3.79,1.73,0.2,0.51,0.29,0.1,0.15,0.05,0.11,0,0,9323
Edubray Ramos,Phillies,0.30,0.11,0.19,0.242,0.348,2.79,0.97,0.27,0.36,0.37,0.12,0.07,0.09,0.5,0,10,16086
Alex Meyer,Angels,0.26,0.14,0.11,0.195,0.255,4.14,1.49,0.22,0.47,0.31,0.11,0.11,0.08,0,0,0,12833
Heath Hembree,Red Sox,0.26,0.06,0.2,0.278,0.354,3.68,0.98,0.2,0.4,0.41,0.1,0.13,0.07,0,0,15,11632
Matt Bush,Rangers,0.24,0.09,0.15,0.25,0.313,4.08,0.88,0.2,0.38,0.43,0.14,0.1,0.09,1,10,11,1246
Reynaldo Lopez,White Sox,0.18,0.09,0.09,0.224,0.246,4.52,0.64,0.21,0.31,0.49,0.15,0.09,0.03,0,0,0,16400
Trevor Williams,Pirates,0.18,0.08,0.09,0.245,0.286,3.98,1.5,0.21,0.47,0.32,0.12,0.09,0.09,0.31,0,0,16977
Chad Bettis,Rockies,0.15,0.07,0.08,0.252,0.269,4.65,1.43,0.18,0.48,0.34,0.05,0.13,0.06,0,0,0,10587
Robby Scott,Red Sox,0.22,0.09,0.13,0.176,0.172,5.32,1.03,0.16,0.43,0.42,0.08,0.18,0.05,0,0,12,13042
Sonny Gray,- - -,0.23,0.09,0.14,0.232,0.282,3.81,1.97,0.19,0.54,0.27,0.06,0.14,0.07,0.38,0,0,12768
Max Fried,Braves,0.18,0.1,0.08,0.286,0.338,4.81,3.86,0.18,0.65,0.17,0.07,0.21,0.11,0,0,0,13743
Wei-Yin Chen,Marlins,0.19,0.07,0.12,0.205,0.234,3.73,0.83,0.19,0.37,0.44,0.17,0.07,0.03,0.25,0,0,13071
Danny Duffy,Royals,0.22,0.07,0.15,0.247,0.302,3.56,0.92,0.2,0.38,0.42,0.12,0.08,0.05,0.2,0,0,3542
Michael Fulmer,Tigers,0.17,0.06,0.1,0.243,0.276,3.78,1.72,0.22,0.49,0.29,0.11,0.09,0.06,0.43,0,0,13218
Joakim Soria,- - -,0.28,0.09,0.2,0.24,0.34,2.35,2.08,0.23,0.52,0.25,0.05,0.05,0.04,0,3,20,6941
Luis Castillo,Reds,0.26,0.09,0.18,0.208,0.254,3.88,1.93,0.14,0.57,0.29,0.06,0.18,0.04,0.2,0,0,15689
AJ Ramos,- - -,0.27,0.14,0.12,0.21,0.275,4.19,0.88,0.2,0.37,0.42,0.15,0.1,0.08,0.5,27,6,8350
Brett Cecil,Cardinals,0.24,0.06,0.18,0.259,0.321,3.26,1.19,0.21,0.43,0.36,0.13,0.1,0.03,0.5,1,13,2660
Dylan Bundy,Orioles,0.23,0.07,0.16,0.235,0.277,4.07,0.72,0.2,0.33,0.47,0.13,0.11,0.08,0.63,0,0,12917
Brandon McCarthy,- - -,0.19,0.07,0.11,0.251,0.299,3.43,1.36,0.25,0.43,0.32,0.18,0.07,0.04,0.13,0,0,4662
Mike Leake,- - -,0.16,0.05,0.11,0.269,0.3,4.07,2.03,0.22,0.53,0.26,0.06,0.14,0.05,0,0,0,10130
Blake Snell,Rays,0.23,0.11,0.12,0.224,0.27,4.14,1.11,0.18,0.43,0.39,0.13,0.11,0.04,0.38,0,0,13543
Matt Barnes,Red Sox,0.29,0.11,0.18,0.214,0.291,3.33,1.68,0.25,0.47,0.28,0.13,0.13,0.06,0,1,24,12863
Aaron Loup,Blue Jays,0.24,0.1,0.13,0.27,0.356,3.53,2.07,0.2,0.54,0.26,0.04,0.09,0.11,0.43,0,6,10343
Enny Romero,Nationals,0.26,0.09,0.17,0.261,0.335,4.09,0.94,0.2,0.39,0.41,0.03,0.12,0.08,0,2,10,4001
Bud Norris,- - -,0.30,0.09,0.21,0.239,0.326,3.58,1.36,0.27,0.42,0.31,0.13,0.16,0.04,1,23,4,9492
Greg Holland,- - -,0.28,0.13,0.15,0.194,0.248,4.23,0.91,0.13,0.41,0.46,0.11,0.12,0.09,0.5,41,1,7196
Jakob Junis,Royals,0.19,0.06,0.14,0.247,0.276,4.55,0.97,0.19,0.4,0.41,0.08,0.12,0.07,0.25,0,0,13619
James Pazos,Mariners,0.27,0.1,0.17,0.248,0.324,4.2,1.93,0.23,0.51,0.27,0.12,0.2,0.1,0,0,10,13323
Alex Cobb,- - -,0.17,0.06,0.11,0.26,0.288,4.3,1.55,0.23,0.47,0.3,0.07,0.14,0.05,0.2,0,0,6562
Seung Hwan Oh,- - -,0.20,0.05,0.15,0.283,0.329,4.37,0.62,0.22,0.3,0.49,0.08,0.11,0.14,0,21,8,18719
Kelvin Herrera,Royals,0.23,0.07,0.16,0.244,0.293,3.96,1.39,0.19,0.47,0.34,0.05,0.14,0.07,0,28,4,6033
Jordan Montgomery,Yankees,0.22,0.08,0.14,0.239,0.28,4.09,0.99,0.18,0.41,0.42,0.08,0.11,0.09,0.33,0,0,16511
Sean Manaea,Athletics,0.20,0.08,0.13,0.253,0.298,4.09,1.25,0.2,0.45,0.36,0.07,0.11,0.05,0.4,0,0,15873
Jake Faria,Rays,0.23,0.1,0.13,0.225,0.269,4.28,0.9,0.23,0.37,0.41,0.16,0.11,0.08,0.5,0,0,13699
Jorge De La Rosa,Diamondbacks,0.20,0.11,0.09,0.23,0.266,4.65,1.15,0.17,0.44,0.39,0.08,0.11,0.04,0,0,20,2047
Jameson Taillon,Pirates,0.22,0.08,0.14,0.266,0.33,3.39,1.77,0.24,0.49,0.27,0.11,0.1,0.07,0.1,0,0,11674
Koji Uehara,Cubs,0.28,0.07,0.21,0.229,0.284,3.79,0.49,0.25,0.25,0.5,0.16,0.12,0.07,0.5,2,14,9227
Gerrit Cole,- - -,0.25,0.06,0.19,0.242,0.294,3.91,1.29,0.21,0.45,0.35,0.13,0.16,0.04,0.13,0,0,13125
Tony Cingrani,- - -,0.32,0.06,0.26,0.234,0.292,4.23,1.02,0.14,0.43,0.43,0.12,0.21,0.09,0.5,0,11,12555
Trevor Bauer,Indians,0.26,0.08,0.18,0.258,0.329,3.79,1.37,0.21,0.46,0.33,0.11,0.15,0.05,0.33,0,0,12703
Danny Farquhar,- - -,0.22,0.12,0.11,0.204,0.25,4.12,0.94,0.13,0.42,0.45,0.15,0.08,0.08,0.17,0,14,8501
Tyler Mahle,Reds,0.18,0.09,0.09,0.27,0.312,4.58,1.28,0.2,0.45,0.35,0.05,0.1,0.08,0,0,0,16358
Andrew Triggs,Athletics,0.19,0.07,0.12,0.253,0.292,4.16,1.61,0.17,0.51,0.32,0.08,0.13,0.08,0,0,0,13533
Jose Urena,Marlins,0.16,0.09,0.07,0.24,0.258,5.08,1.14,0.19,0.43,0.38,0.11,0.13,0.06,0.25,0,0,11589
Santiago Casilla,Athletics,0.23,0.08,0.15,0.234,0.284,4.12,1.09,0.21,0.41,0.38,0.09,0.12,0.08,0,16,4,2873
Yu Darvish,- - -,0.27,0.08,0.19,0.23,0.287,3.93,1.11,0.23,0.41,0.37,0.09,0.16,0.05,0.22,0,0,13074
Johnny Cueto,Giants,0.21,0.08,0.14,0.261,0.31,4.18,1.1,0.24,0.4,0.36,0.11,0.12,0.05,0.31,0,0,6893
Parker Bridwell,Angels,0.15,0.06,0.09,0.26,0.267,5.13,0.95,0.21,0.38,0.41,0.13,0.14,0.05,0.25,0,0,11502
Aaron Sanchez,Blue Jays,0.15,0.13,0.02,0.276,0.306,5.31,1.66,0.2,0.5,0.3,0.13,0.13,0.1,0,0,0,11490
Adam Morgan,Phillies,0.27,0.1,0.18,0.235,0.288,4.36,1.42,0.2,0.47,0.33,0.13,0.2,0.06,0,0,10,12580
Jake Odorizzi,- - -,0.21,0.1,0.11,0.218,0.23,5.4,0.66,0.22,0.31,0.47,0.11,0.16,0.08,0.33,0,0,6397
Jhoulys Chacin,- - -,0.19,0.1,0.1,0.239,0.279,4.41,1.55,0.19,0.49,0.32,0.11,0.12,0.05,0.09,0,0,2608
Aaron Bummer,White Sox,0.21,0.15,0.06,0.206,0.232,5.31,1.86,0.17,0.54,0.29,0.05,0.19,0.08,0,0,7,16258
Hector Rondon,- - -,0.30,0.08,0.22,0.234,0.303,3.69,1.27,0.17,0.46,0.36,0.1,0.17,0.11,0,0,11,2391
Eduardo Paredes,Angels,0.19,0.06,0.13,0.236,0.279,3.77,1.15,0.18,0.44,0.38,0.04,0.08,0.03,0,1,1,16344
Johnny Barbato,Pirates,0.18,0.14,0.04,0.227,0.253,5.46,0.97,0.23,0.38,0.39,0.03,0.12,0.03,0,0,0,11440
Chase Whitley,Rays,0.18,0.07,0.11,0.219,0.256,3.56,0.75,0.24,0.33,0.44,0.15,0.05,0.09,0,2,5,10982
Shelby Miller,Diamondbacks,0.20,0.12,0.08,0.23,0.288,3.57,1.26,0.21,0.44,0.35,0.04,0.04,0,0,0,0,10197
Kenta Maeda,Dodgers,0.26,0.06,0.2,0.239,0.292,3.88,1,0.23,0.39,0.39,0.13,0.15,0.07,0.27,1,0,18498
Jon Gray,Rockies,0.24,0.06,0.18,0.271,0.344,3.24,1.65,0.24,0.47,0.29,0.12,0.12,0.06,0.25,0,0,14916
Matt Bowman,Cardinals,0.19,0.08,0.11,0.239,0.289,3.52,1.86,0.18,0.53,0.29,0.11,0.07,0.1,0,2,27,13528
Tyler Skaggs,Angels,0.22,0.08,0.14,0.263,0.315,4.19,1.17,0.21,0.43,0.36,0.09,0.12,0.09,0.4,0,0,10190
Matt Belisle,- - -,0.21,0.08,0.13,0.214,0.25,4.02,1.1,0.22,0.41,0.37,0.15,0.1,0.05,0,9,17,1837
Dan Altavilla,Mariners,0.27,0.1,0.17,0.23,0.274,4.82,0.75,0.17,0.36,0.48,0.12,0.16,0.06,0,0,4,16507
Gregory Infante,White Sox,0.21,0.1,0.11,0.241,0.298,3.69,0.86,0.24,0.35,0.41,0.09,0.06,0.05,0,0,5,9119
Zach Davies,Brewers,0.16,0.07,0.09,0.273,0.306,4.3,1.75,0.23,0.49,0.28,0.08,0.13,0.08,0.25,0,0,13183
Edgar Santana,Pirates,0.23,0.13,0.09,0.22,0.277,4.09,1.83,0.23,0.5,0.27,0.11,0.11,0.09,0,0,4,17355
Kyle Freeland,Rockies,0.16,0.09,0.07,0.272,0.306,4.68,1.86,0.18,0.54,0.29,0.1,0.14,0.1,0.05,0,0,16256
Gabriel Ynoa,Orioles,0.18,0.05,0.12,0.283,0.318,4.31,0.79,0.14,0.38,0.48,0.11,0.09,0.1,0.5,0,0,12938
Carlos Rodon,White Sox,0.26,0.1,0.15,0.243,0.297,4.69,1.3,0.22,0.44,0.34,0.05,0.19,0.06,0,0,0,16137
Jason Vargas,Royals,0.18,0.08,0.1,0.261,0.289,4.67,1,0.19,0.4,0.4,0.1,0.12,0.07,0.2,0,0,8044
Eduardo Rodriguez,Red Sox,0.26,0.09,0.18,0.241,0.305,3.88,0.81,0.22,0.35,0.43,0.06,0.12,0.11,0.5,0,0,13164
Nathan Karns,Royals,0.27,0.07,0.2,0.237,0.283,4.48,1.3,0.12,0.5,0.38,0.02,0.2,0.08,0,0,0,12638
Jeremy Jeffress,- - -,0.18,0.11,0.07,0.273,0.313,4.82,2.57,0.18,0.59,0.23,0.08,0.19,0.07,0.2,0,10,9490
Troy Scribner,Angels,0.18,0.1,0.08,0.195,0.161,7,0.41,0.16,0.25,0.59,0.17,0.17,0.06,0,0,1,15570
Edinson Volquez,Marlins,0.20,0.13,0.07,0.229,0.278,4.35,1.41,0.22,0.46,0.33,0.07,0.1,0.06,0.27,0,0,3990
Fernando Rodney,- - -,0.28,0.11,0.17,0.211,0.289,3.18,1.64,0.17,0.52,0.32,0.06,0.09,0.07,0.75,41,0,494
Jake Thompson,Phillies,0.17,0.1,0.07,0.277,0.304,5.54,1.26,0.16,0.47,0.37,0.07,0.15,0.07,0,1,0,14371
Carlos Torres,Brewers,0.17,0.1,0.07,0.273,0.309,4.89,1.34,0.2,0.46,0.34,0.04,0.13,0.03,0.43,1,13,7624
Jose Torres,Padres,0.22,0.06,0.17,0.239,0.266,4.66,0.77,0.19,0.35,0.46,0.12,0.14,0.1,0,1,3,14957
Ivan Nova,Pirates,0.17,0.05,0.13,0.271,0.298,4.43,1.42,0.23,0.46,0.32,0.08,0.16,0.05,0.26,0,0,1994
Odrisamer Despaigne,Marlins,0.14,0.09,0.05,0.251,0.284,3.99,0.97,0.26,0.37,0.38,0.08,0.05,0.07,0,1,1,16017
Cole Hamels,Rangers,0.19,0.09,0.1,0.232,0.258,4.79,1.4,0.19,0.47,0.34,0.05,0.15,0.05,0.67,0,0,4972
Michael Wacha,Cardinals,0.22,0.09,0.14,0.263,0.323,3.78,1.54,0.22,0.47,0.31,0.08,0.12,0.04,0.33,0,0,14078
Ryan Pressly,Twins,0.25,0.08,0.17,0.221,0.263,4.12,1.51,0.16,0.51,0.34,0.02,0.16,0.05,0.33,0,7,7005
Dan Straily,Marlins,0.22,0.08,0.14,0.25,0.288,4.58,0.74,0.2,0.34,0.46,0.16,0.13,0.03,0.08,0,0,9460
R.A. Dickey,Braves,0.17,0.08,0.09,0.262,0.29,4.72,1.41,0.2,0.47,0.33,0.12,0.13,0.08,0.17,0,0,1245
Sean Newcomb,Braves,0.25,0.12,0.12,0.254,0.331,4.09,1.38,0.23,0.45,0.33,0.05,0.12,0.07,0.22,0,0,16943
Danny Salazar,Indians,0.33,0.1,0.23,0.24,0.343,3.48,1.1,0.25,0.39,0.36,0.1,0.16,0.06,0,0,0,5867
Wade LeBlanc,- - -,0.19,0.06,0.13,0.237,0.263,4.22,1.4,0.22,0.45,0.32,0.07,0.14,0.02,0.25,1,4,5221
Matt Grace,Nationals,0.16,0.08,0.08,0.24,0.272,4.13,2.38,0.17,0.59,0.25,0.07,0.11,0.07,0.29,2,4,11449
Paul Sewald,Mets,0.26,0.08,0.18,0.227,0.286,3.57,0.73,0.22,0.33,0.45,0.12,0.09,0.05,0.2,0,13,13892
Jon Lester,Cubs,0.23,0.08,0.15,0.259,0.314,4.1,1.49,0.21,0.47,0.32,0.07,0.15,0.07,0.36,0,0,4930
James Hoyt,Astros,0.31,0.07,0.24,0.264,0.363,3.36,1.17,0.23,0.42,0.35,0.04,0.15,0.09,1,0,7,14605
Hisashi Iwakuma,Mariners,0.13,0.09,0.03,0.237,0.22,6.42,0.95,0.16,0.41,0.43,0.1,0.17,0.05,0,0,0,13048
Sam Gaviglio,- - -,0.16,0.08,0.07,0.268,0.274,5.81,1.52,0.18,0.49,0.33,0.09,0.21,0.02,0.5,0,0,12778
Adam Ottavino,Rockies,0.31,0.14,0.16,0.216,0.304,4.26,0.9,0.23,0.36,0.4,0.12,0.14,0.11,0,0,24,1247
Jaime Garcia,- - -,0.20,0.09,0.1,0.26,0.304,4.36,1.91,0.19,0.54,0.28,0.07,0.15,0.07,0.25,0,0,8137
Carson Fulmer,White Sox,0.19,0.13,0.05,0.208,0.237,5.19,0.71,0.2,0.33,0.47,0.13,0.09,0.09,0,0,0,18311
Shawn Armstrong,Indians,0.19,0.09,0.09,0.237,0.25,5.51,0.88,0.17,0.39,0.44,0.09,0.15,0.1,0,0,0,12857
Simon Castro,Athletics,0.23,0.09,0.14,0.234,0.263,5.02,0.66,0.18,0.33,0.5,0.1,0.14,0.12,0,0,0,9243
Daniel Hudson,Pirates,0.24,0.12,0.12,0.245,0.313,4.34,1.2,0.21,0.43,0.36,0.07,0.12,0.07,0.33,0,21,7146
JC Ramirez,Angels,0.17,0.09,0.08,0.264,0.288,4.97,1.64,0.19,0.5,0.31,0.07,0.16,0.04,0.2,0,0,8302
German Marquez,Rockies,0.21,0.08,0.13,0.264,0.309,4.38,1.36,0.22,0.45,0.33,0.07,0.14,0.07,0,0,0,15038
Erasmo Ramirez,- - -,0.20,0.06,0.15,0.243,0.269,4.43,1.13,0.19,0.43,0.38,0.05,0.15,0.05,0.25,1,6,10314
Michael Pineda,Yankees,0.22,0.05,0.17,0.266,0.302,4.66,1.66,0.19,0.51,0.31,0.08,0.23,0.07,0.75,0,0,5372
Rick Porcello,Red Sox,0.21,0.05,0.16,0.277,0.317,4.34,1,0.2,0.4,0.4,0.1,0.14,0.07,0.5,0,0,2717
Mike Dunn,Rockies,0.24,0.13,0.11,0.23,0.28,4.62,0.77,0.22,0.34,0.44,0.08,0.12,0.02,1,0,21,9948
Jeff Samardzija,Giants,0.24,0.04,0.2,0.252,0.303,3.61,1.14,0.22,0.42,0.37,0.09,0.14,0.05,0,0,0,3254
Chris Archer,Rays,0.29,0.07,0.22,0.251,0.33,3.52,1.16,0.22,0.42,0.36,0.1,0.15,0.04,0.8,0,0,6345
J.J. Hoover,- - -,0.26,0.14,0.13,0.287,0.371,5.1,0.85,0.28,0.33,0.39,0.1,0.17,0.15,0,0,10,9037
Rob Scahill,Brewers,0.10,0.1,0,0.25,0.254,5.75,2,0.19,0.54,0.27,0.05,0.15,0.08,0,0,0,9286
Matt Dermody,Blue Jays,0.16,0.05,0.11,0.261,0.254,6.25,0.69,0.16,0.34,0.49,0.08,0.17,0.08,0,0,1,14844
Liam Hendriks,Athletics,0.27,0.09,0.18,0.242,0.316,3.51,1.07,0.2,0.41,0.39,0.06,0.11,0.11,0,1,16,3548
Jose Quintana,- - -,0.25,0.08,0.17,0.24,0.302,3.76,1.34,0.21,0.46,0.34,0.1,0.13,0.08,0.1,0,0,11423
Tyler Clippard,- - -,0.28,0.11,0.16,0.192,0.228,4.58,0.58,0.16,0.31,0.53,0.1,0.13,0.13,0.2,5,11,5640
Tom Wilhelmsen,Diamondbacks,0.15,0.11,0.04,0.25,0.266,5.32,1.37,0.15,0.49,0.36,0,0.13,0.07,0,0,3,9975
Drew Storen,Reds,0.20,0.09,0.1,0.268,0.316,4.88,1.55,0.18,0.5,0.32,0.04,0.13,0.11,0,1,6,6983
Michael Lorenzen,Reds,0.22,0.09,0.13,0.241,0.295,4.01,2.17,0.2,0.55,0.25,0.08,0.15,0.07,0,2,18,14843
Lance McCullers Jr.,Astros,0.28,0.09,0.19,0.246,0.335,3.12,3.2,0.19,0.62,0.19,0.03,0.16,0.09,0.17,0,0,14120
Chad Kuhl,Pirates,0.21,0.1,0.11,0.273,0.332,4.15,1.23,0.24,0.42,0.34,0.06,0.11,0.05,0.18,0,0,14975
Jose Ramirez,Braves,0.21,0.13,0.09,0.214,0.25,4.95,1.04,0.14,0.44,0.42,0.08,0.12,0.06,0.25,0,27,10171
Ben Lively,Phillies,0.16,0.06,0.1,0.277,0.302,4.76,0.87,0.21,0.37,0.43,0.13,0.11,0.07,0.2,0,0,14932
Adalberto Mejia,Twins,0.19,0.1,0.09,0.279,0.328,4.65,1.03,0.23,0.39,0.38,0.1,0.11,0.09,0.75,0,0,13188
Mark Melancon,Giants,0.22,0.05,0.18,0.301,0.374,3.22,2.04,0.22,0.53,0.26,0.04,0.13,0.08,0,11,5,4264
Mike Foltynewicz,Braves,0.22,0.09,0.13,0.266,0.322,4.2,1.11,0.24,0.4,0.36,0.07,0.12,0.05,0,0,0,10811
Seth Lugo,Mets,0.20,0.06,0.13,0.278,0.324,3.98,1.28,0.23,0.43,0.34,0.1,0.12,0.08,0.33,0,2,12447
Matt Shoemaker,Angels,0.21,0.09,0.12,0.245,0.274,5.03,0.86,0.16,0.39,0.45,0.06,0.14,0.07,0.67,0,0,4776
Junior Guerra,Brewers,0.22,0.14,0.08,0.218,0.232,6.06,0.79,0.23,0.34,0.43,0.1,0.19,0.05,0.67,0,0,5702
Trevor Cahill,- - -,0.23,0.12,0.12,0.269,0.325,5,2.18,0.18,0.56,0.26,0.05,0.24,0.11,0.67,0,1,6249
Tanner Roark,Nationals,0.22,0.08,0.14,0.246,0.292,4.14,1.42,0.2,0.47,0.33,0.07,0.14,0.08,0.33,0,0,8753
Dinelson Lamet,Padres,0.29,0.11,0.18,0.207,0.261,4.35,0.86,0.2,0.37,0.43,0.08,0.15,0.09,0.33,0,0,17186
Scott Oberg,Rockies,0.21,0.09,0.12,0.281,0.354,3.5,2.61,0.21,0.58,0.22,0.09,0.09,0.06,0.5,0,14,13911
Luke Gregerson,Astros,0.27,0.08,0.19,0.255,0.306,4.62,1.56,0.18,0.5,0.32,0.09,0.24,0.07,0,1,18,4090
Julio Teheran,Braves,0.19,0.09,0.1,0.255,0.283,5.08,0.98,0.2,0.4,0.41,0.09,0.14,0.11,0.15,0,0,6797
Felix Hernandez,Mariners,0.20,0.07,0.13,0.251,0.274,5.23,1.41,0.22,0.46,0.32,0.07,0.21,0.1,0.25,0,0,4772
John Lackey,Cubs,0.20,0.07,0.13,0.248,0.268,5.3,1.06,0.2,0.41,0.39,0.1,0.18,0.05,0.3,0,0,1507
Marc Rzepczynski,Mariners,0.19,0.14,0.05,0.262,0.316,4.62,4.64,0.19,0.67,0.14,0,0.21,0.09,0,1,21,6612
Warwick Saupold,Tigers,0.15,0.11,0.04,0.262,0.286,5.32,1.18,0.2,0.43,0.37,0.13,0.12,0.04,0,0,2,13211
Oliver Perez,Nationals,0.27,0.08,0.19,0.252,0.333,3.82,0.67,0.18,0.33,0.49,0.12,0.09,0.07,0,1,12,1514
Joaquin Benoit,- - -,0.22,0.1,0.11,0.226,0.263,4.51,0.67,0.17,0.33,0.5,0.13,0.1,0.09,0,2,13,1437
Austin Bibens-Dirkx,Rangers,0.13,0.07,0.06,0.268,0.268,5.68,1.03,0.21,0.4,0.39,0.1,0.15,0.03,0,0,0,9559
Fernando Salas,- - -,0.21,0.08,0.13,0.268,0.321,3.86,1.23,0.16,0.46,0.38,0.1,0.1,0.12,0.13,0,12,4971
Robert Stephenson,Reds,0.23,0.14,0.09,0.247,0.3,4.92,0.92,0.22,0.38,0.41,0.07,0.13,0.13,0.4,1,0,13594
Nick Wittgren,Marlins,0.24,0.07,0.17,0.272,0.339,3.58,0.78,0.24,0.33,0.43,0.07,0.09,0.07,0,0,5,15594
Deolis Guerra,Angels,0.21,0.11,0.1,0.215,0.239,4.92,0.7,0.1,0.37,0.53,0.05,0.11,0.08,0,0,0,8410
David Holmberg,White Sox,0.12,0.13,0,0.272,0.273,6.8,1.08,0.17,0.43,0.4,0.11,0.15,0.06,0,0,0,7725
Tyler Chatwood,- - -,0.20,0.13,0.07,0.246,0.286,4.87,2.49,0.2,0.57,0.23,0.04,0.2,0.03,0.08,1,0,4338
Luis Perdomo,Padres,0.17,0.09,0.08,0.287,0.333,4.31,2.84,0.18,0.61,0.21,0.08,0.14,0.07,0.29,0,0,14682
Sal Romano,Reds,0.18,0.1,0.08,0.264,0.302,4.6,1.65,0.18,0.51,0.31,0.13,0.13,0.05,0.27,0,0,13690
Steven Brault,Pirates,0.14,0.1,0.05,0.269,0.299,4.52,1.13,0.17,0.44,0.39,0.12,0.07,0.04,0.5,1,0,15291
Kevin Shackelford,Reds,0.28,0.1,0.19,0.252,0.32,4.79,1.96,0.12,0.58,0.3,0.21,0.25,0.04,0,0,3,11012
Jerad Eickhoff,Phillies,0.21,0.09,0.11,0.274,0.328,4.3,0.94,0.22,0.38,0.4,0.08,0.1,0.08,0.33,0,0,12664
Boone Logan,Indians,0.31,0.1,0.21,0.247,0.353,3.16,1.86,0.23,0.5,0.27,0.14,0.14,0.04,1,0,4,5525
Chris O'Grady,Marlins,0.22,0.12,0.09,0.26,0.309,4.91,0.72,0.24,0.32,0.44,0.12,0.12,0.14,0,0,2,13818
Luis Cessa,Yankees,0.20,0.1,0.1,0.253,0.286,5.25,1.29,0.19,0.45,0.35,0.07,0.17,0.06,0,0,0,13345
Hansel Robles,Mets,0.26,0.11,0.15,0.224,0.264,5.12,0.72,0.24,0.32,0.44,0.12,0.17,0.06,0,0,7,11801
Cam Bedrosian,Angels,0.26,0.09,0.17,0.252,0.314,4.06,1.11,0.18,0.43,0.39,0.05,0.14,0.08,0,6,11,13360
Ty Blach,Giants,0.11,0.07,0.04,0.279,0.296,4.32,1.58,0.22,0.48,0.3,0.07,0.09,0.05,0.17,0,0,14361
Dustin McGowan,Marlins,0.19,0.08,0.11,0.256,0.286,4.81,1.69,0.19,0.51,0.3,0.11,0.19,0.05,0,0,3,8600
Doug Fister,- - -,0.21,0.1,0.12,0.256,0.312,3.93,1.81,0.22,0.5,0.28,0.07,0.12,0.04,0.6,0,0,9425
Scott Feldman,Reds,0.20,0.07,0.12,0.269,0.3,5.04,1.42,0.27,0.43,0.3,0.09,0.21,0.02,0.25,0,0,6283
Joe Musgrove,Astros,0.21,0.06,0.15,0.272,0.315,4.38,1.33,0.21,0.45,0.34,0.08,0.16,0.06,0.33,2,5,12970
Tyler Anderson,Rockies,0.23,0.09,0.14,0.26,0.304,4.69,1.11,0.25,0.4,0.36,0.11,0.18,0.07,0.22,0,0,12880
Kevin Siegrist,- - -,0.25,0.13,0.12,0.262,0.337,4.38,0.93,0.26,0.36,0.39,0.1,0.12,0.08,0,1,9,8180
Kevin Gausman,Orioles,0.22,0.09,0.13,0.281,0.335,4.59,1.2,0.22,0.42,0.35,0.1,0.16,0.06,0.4,0,0,14107
Alex Wilson,Tigers,0.16,0.06,0.1,0.275,0.306,4.36,1.12,0.22,0.41,0.37,0.11,0.11,0.09,0.67,2,18,9239
Vince Velasquez,Phillies,0.22,0.1,0.12,0.266,0.314,4.83,1.19,0.23,0.42,0.35,0.08,0.17,0.03,0.2,0,0,11189
Luke Jackson,Braves,0.16,0.09,0.07,0.272,0.313,4.27,1.25,0.2,0.45,0.36,0.07,0.07,0.08,0,0,1,11752
Matt Andriese,Rays,0.21,0.07,0.14,0.265,0.302,4.74,1.28,0.2,0.45,0.35,0.15,0.17,0.05,0.33,1,0,12022
Brandon Woodruff,Brewers,0.17,0.07,0.1,0.268,0.305,4.38,1.46,0.19,0.48,0.33,0.1,0.12,0.03,0,0,0,16162
Blake Wood,- - -,0.25,0.1,0.15,0.27,0.352,3.58,2.07,0.21,0.53,0.26,0.12,0.13,0.05,0,0,6,1345
Giovanny Gallegos,Yankees,0.25,0.06,0.19,0.253,0.31,3.65,0.84,0.22,0.36,0.42,0.12,0.12,0.1,0,0,0,14986
Jarred Cosart,Padres,0.13,0.17,-0.04,0.28,0.333,4.53,1.77,0.21,0.51,0.29,0.09,0,0.08,0,0,0,10304
Clayton Richard,Padres,0.18,0.07,0.1,0.303,0.348,4.34,2.87,0.21,0.58,0.2,0.06,0.2,0.06,0.25,0,0,3551
Josh Smith,Athletics,0.17,0.1,0.07,0.257,0.296,4.13,1.28,0.18,0.46,0.36,0.05,0.08,0.02,0,0,1,10946
Buddy Boshers,Twins,0.18,0.07,0.12,0.262,0.283,5.19,1.34,0.21,0.46,0.34,0.08,0.18,0.14,0,0,3,8490
Zack Wheeler,Mets,0.21,0.1,0.11,0.272,0.317,4.84,1.54,0.21,0.48,0.31,0.06,0.18,0.06,0.33,0,0,10310
Chris Hatcher,- - -,0.23,0.07,0.16,0.27,0.315,4.7,0.79,0.2,0.35,0.45,0.13,0.15,0.09,0.25,1,11,3299
Antonio Senzatela,Rockies,0.18,0.08,0.1,0.253,0.283,4.59,1.74,0.21,0.5,0.29,0.08,0.16,0.05,0,0,1,15488
Luiz Gohara,Braves,0.25,0.07,0.19,0.278,0.366,2.75,0.81,0.21,0.35,0.44,0.14,0.06,0.14,0,0,0,15166
Ryan Garton,- - -,0.18,0.07,0.11,0.214,0.219,4.88,1.17,0.22,0.42,0.36,0.08,0.17,0.04,0,0,1,14016
Ian Kennedy,Royals,0.20,0.09,0.11,0.24,0.259,5.3,0.75,0.18,0.35,0.47,0.08,0.15,0.03,0.4,0,0,6986
Adam Wainwright,Cardinals,0.18,0.09,0.09,0.279,0.322,4.38,1.7,0.24,0.48,0.28,0.11,0.13,0.06,0.25,0,0,2233
Marco Estrada,Blue Jays,0.22,0.09,0.13,0.252,0.291,4.64,0.61,0.19,0.31,0.5,0.17,0.11,0.04,0.8,0,0,1118
Ricky Nolasco,Angels,0.18,0.07,0.11,0.282,0.31,5.1,1.03,0.21,0.4,0.39,0.08,0.16,0.08,0.33,0,0,3830
Matt Boyd,Tigers,0.18,0.08,0.09,0.276,0.315,4.44,0.9,0.21,0.37,0.42,0.14,0.1,0.07,0.33,0,0,15440
Jonathan Holder,Yankees,0.23,0.05,0.19,0.295,0.365,3.77,0.98,0.19,0.4,0.41,0.15,0.11,0.12,0.5,0,4,16588
Masahiro Tanaka,Yankees,0.26,0.05,0.2,0.257,0.306,4.37,1.46,0.18,0.49,0.33,0.13,0.21,0.07,0.5,0,0,15764
Tyler Duffey,Twins,0.22,0.06,0.16,0.271,0.326,3.72,1.58,0.19,0.5,0.31,0.03,0.13,0.08,0.5,1,12,13758
Grant Dayton,Dodgers,0.20,0.12,0.08,0.211,0.215,5.74,0.57,0.13,0.31,0.55,0.14,0.14,0.1,0.33,0,4,11203
Matt Garza,Brewers,0.16,0.09,0.07,0.264,0.287,4.91,1.06,0.22,0.4,0.38,0.12,0.12,0.05,0.29,0,0,3340
Kyle Gibson,Twins,0.18,0.09,0.08,0.286,0.326,4.72,1.87,0.23,0.5,0.27,0.08,0.16,0.06,0.5,0,0,10123
Mark Leiter,Phillies,0.21,0.08,0.13,0.252,0.282,5.14,1.59,0.2,0.49,0.31,0.06,0.22,0.05,0.33,0,0,15551
Robert Gsellman,Mets,0.16,0.08,0.09,0.271,0.304,4.6,1.72,0.22,0.5,0.29,0.09,0.14,0.09,0.31,0,4,13696
Oliver Drake,- - -,0.25,0.11,0.14,0.282,0.372,3.62,1.9,0.25,0.49,0.26,0.13,0.13,0.09,0.25,1,5,8823
Kendall Graveman,Athletics,0.15,0.07,0.08,0.293,0.32,4.82,1.66,0.19,0.51,0.31,0.05,0.15,0.05,0,0,0,15514
Christian Bergman,Mariners,0.14,0.07,0.08,0.288,0.293,5.82,0.93,0.22,0.38,0.41,0.13,0.17,0.02,0.25,0,0,10925
Jake Barrett,Diamondbacks,0.22,0.12,0.09,0.255,0.274,6.27,0.88,0.2,0.38,0.43,0.09,0.21,0.17,0,0,2,13322
Joe Ross,Nationals,0.21,0.06,0.15,0.291,0.33,4.99,0.99,0.25,0.38,0.38,0.08,0.19,0.04,0.11,0,0,12972
Ariel Miranda,Mariners,0.20,0.1,0.11,0.232,0.242,5.66,0.62,0.17,0.32,0.51,0.14,0.15,0.08,0.56,0,0,17526
Juan Minaya,White Sox,0.27,0.13,0.14,0.242,0.311,4.81,0.85,0.24,0.35,0.41,0.13,0.15,0,0,9,2,10341
Junichi Tazawa,Marlins,0.18,0.1,0.08,0.241,0.266,4.93,0.84,0.24,0.35,0.41,0.14,0.12,0.07,0,0,9,4079
Justin Nicolino,Marlins,0.11,0.09,0.03,0.317,0.333,5.55,1.77,0.27,0.47,0.26,0.02,0.17,0.06,0.25,0,0,11754
Austin Brice,Reds,0.18,0.06,0.13,0.265,0.288,5.01,1.48,0.16,0.5,0.34,0.14,0.18,0.06,0,0,1,17237
T.J. McFarland,Diamondbacks,0.12,0.06,0.06,0.287,0.318,3.89,3.76,0.14,0.68,0.18,0.03,0.11,0.07,0.6,0,2,3237
Derek Law,Giants,0.22,0.09,0.13,0.285,0.35,4.18,1.02,0.23,0.39,0.38,0.11,0.11,0.1,0,4,5,13133
James Shields,White Sox,0.19,0.1,0.09,0.252,0.269,5.65,0.93,0.19,0.39,0.42,0.09,0.16,0.06,0.33,0,0,7059
Craig Breslow,- - -,0.15,0.09,0.06,0.287,0.319,4.69,1,0.2,0.4,0.4,0.02,0.09,0.06,0,0,1,4363
Albert Suarez,Giants,0.25,0.08,0.17,0.228,0.282,3.79,1.38,0.22,0.46,0.33,0,0.14,0,0,1,0,6175
Mike Fiers,- - -,0.22,0.09,0.13,0.262,0.296,5.36,1.18,0.2,0.44,0.37,0.08,0.19,0.06,0.43,0,0,7754
Drew VerHagen,Tigers,0.19,0.08,0.11,0.27,0.282,5.64,1.42,0.14,0.5,0.35,0.11,0.22,0.06,0,0,5,13424
Michael Tonkin,Twins,0.25,0.12,0.12,0.262,0.296,6.44,0.81,0.22,0.35,0.43,0.12,0.23,0.14,0,0,0,10315
Cody Reed,Reds,0.24,0.2,0.04,0.195,0.208,6.53,1.72,0.16,0.53,0.31,0.06,0.28,0.1,0,1,0,15232
Jason Hammel,Royals,0.18,0.06,0.12,0.279,0.317,4.28,0.96,0.21,0.39,0.4,0.08,0.1,0.06,0.6,0,0,4538
Ariel Hernandez,Reds,0.27,0.2,0.07,0.163,0.157,6.69,1,0.14,0.43,0.43,0,0.25,0,0,0,0,15603
Francisco Liriano,- - -,0.20,0.12,0.08,0.264,0.313,4.59,1.26,0.2,0.45,0.36,0.07,0.11,0.07,0.4,0,6,3201
Miguel Gonzalez,- - -,0.14,0.08,0.06,0.28,0.299,5.1,0.85,0.21,0.36,0.43,0.08,0.11,0.07,0.29,0,0,7024
Jackson Stephens,Reds,0.20,0.08,0.12,0.227,0.232,5.73,0.71,0.19,0.34,0.47,0.14,0.17,0.04,0,0,0,14420
Josh Tomlin,Indians,0.18,0.03,0.15,0.295,0.326,4.43,1.02,0.23,0.39,0.38,0.08,0.15,0.05,0.5,0,0,9388
Edwin Jackson,- - -,0.18,0.09,0.09,0.277,0.287,6.14,0.8,0.17,0.37,0.47,0.13,0.18,0.08,0.71,0,0,1841
A.J. Cole,Nationals,0.19,0.12,0.08,0.27,0.299,5.87,0.92,0.17,0.4,0.43,0.06,0.17,0.07,0,0,0,11467
Jim Johnson,- - -,0.24,0.1,0.14,0.25,0.309,4.11,1.54,0.21,0.48,0.31,0.07,0.15,0.04,0,22,2,3656
Zach Duke,- - -,0.20,0.12,0.08,0.195,0.22,5.24,1.82,0.21,0.51,0.28,0,0.18,0.07,0,0,8,3840
Alec Asher,Orioles,0.18,0.09,0.09,0.26,0.287,5.26,0.92,0.19,0.39,0.42,0.19,0.13,0.1,0,0,0,13560
Tony Barnette,Rangers,0.23,0.09,0.14,0.27,0.335,3.97,1.17,0.22,0.42,0.36,0.1,0.11,0.1,1,2,4,3555
Austin Pruitt,Rays,0.17,0.06,0.11,0.291,0.33,4.34,1.41,0.19,0.47,0.33,0.08,0.12,0.08,1,1,1,15290
Brad Ziegler,Marlins,0.13,0.07,0.05,0.304,0.346,3.86,4.24,0.19,0.66,0.16,0.17,0.07,0.07,0.33,11,7,7293
Erik Goeddel,Mets,0.27,0.09,0.18,0.252,0.286,5.61,1.03,0.16,0.43,0.42,0.09,0.25,0.06,0,0,1,11712
Jesse Hahn,Athletics,0.17,0.09,0.09,0.273,0.326,3.62,1.56,0.25,0.46,0.29,0.08,0.06,0.12,0.5,0,0,13287
Joe Biagini,Blue Jays,0.19,0.08,0.1,0.264,0.303,4.37,2.07,0.17,0.56,0.27,0.08,0.15,0.07,0.57,1,9,13194
Tyler Pill,Mets,0.16,0.1,0.06,0.253,0.279,5.11,1.94,0.25,0.49,0.25,0,0.18,0.06,0.25,0,0,12751
Silvino Bracho,Diamondbacks,0.32,0.08,0.24,0.228,0.291,4.2,1,0.1,0.45,0.45,0.15,0.19,0.11,0,0,0,15051
Ian Krol,Braves,0.21,0.1,0.11,0.265,0.307,5.01,1.13,0.22,0.41,0.36,0.12,0.15,0.05,1,0,3,10066
Jesse Chavez,- - -,0.20,0.08,0.13,0.279,0.313,5.09,1.12,0.22,0.41,0.37,0.08,0.18,0.05,1,0,1,5448
Martin Perez,Rangers,0.14,0.08,0.06,0.31,0.339,4.86,1.64,0.24,0.47,0.29,0.07,0.14,0.1,0.38,0,0,6902
Andrew Moore,Mariners,0.13,0.03,0.1,0.256,0.243,5.65,0.59,0.22,0.29,0.49,0.14,0.14,0.03,1,0,0,17553
Dovydas Neverauskas,Pirates,0.14,0.08,0.06,0.278,0.287,5.6,1.03,0.25,0.38,0.37,0.05,0.15,0,0.5,0,4,11604
Felix Pena,- - -,0.23,0.11,0.12,0.264,0.298,6.07,0.68,0.14,0.35,0.52,0.11,0.17,0.08,0,0,1,13403
Josh Smoker,- - -,0.24,0.12,0.12,0.291,0.36,5.11,1.16,0.23,0.41,0.36,0.13,0.17,0.07,0.33,0,7,10285
Jeremy Hellickson,- - -,0.14,0.07,0.07,0.253,0.251,5.67,0.79,0.21,0.35,0.44,0.13,0.15,0.03,0.13,0,0,4371
Julio Urias,Dodgers,0.11,0.14,-0.03,0.264,0.293,4.7,1.26,0.28,0.4,0.32,0.04,0.04,0.07,0.5,0,0,14765
Jimmy Yacabonis,Orioles,0.08,0.17,-0.08,0.25,0.257,5.83,1.18,0.15,0.46,0.39,0.14,0.07,0.09,0,0,0,15157
John Axford,- - -,0.19,0.14,0.05,0.286,0.348,4.93,2.09,0.22,0.53,0.25,0.09,0.13,0.06,0,0,2,9059
Sammy Solis,Nationals,0.29,0.11,0.18,0.222,0.3,3.7,1.39,0.19,0.47,0.34,0.07,0.14,0.03,0,1,8,11457
Daniel Norris,Tigers,0.19,0.1,0.1,0.291,0.348,4.23,1.03,0.23,0.39,0.38,0.05,0.09,0.09,0.6,0,0,13475
Hector Santiago,- - -,0.17,0.1,0.07,0.255,0.268,5.89,0.54,0.18,0.29,0.53,0.14,0.12,0.03,0.5,0,0,4026
Matt Cain,Giants,0.13,0.09,0.05,0.304,0.328,5.06,1.24,0.23,0.43,0.34,0.09,0.12,0.07,0.2,0,1,4732
Ryan Dull,Athletics,0.27,0.09,0.18,0.233,0.283,4.62,0.91,0.2,0.38,0.42,0.11,0.17,0.07,1,0,20,13974
Matt Strahm,Royals,0.24,0.14,0.1,0.233,0.279,5.44,0.85,0.19,0.37,0.44,0.13,0.15,0.06,0.33,0,5,13799
Jack Flaherty,Cardinals,0.25,0.1,0.16,0.282,0.357,4.28,1.67,0.24,0.47,0.28,0,0.19,0.03,0,0,0,17479
Neftali Feliz,- - -,0.19,0.12,0.07,0.233,0.246,5.66,0.72,0.22,0.33,0.46,0.08,0.15,0.02,0.33,8,2,18
Bryan Mitchell,- - -,0.10,0.12,-0.02,0.29,0.312,5.03,2.56,0.26,0.53,0.21,0.1,0.1,0.06,0,1,0,11479
Tim Adleman,Reds,0.20,0.1,0.11,0.262,0.282,5.87,0.74,0.19,0.34,0.47,0.08,0.17,0.04,0.5,0,2,10968
Rafael Montero,Mets,0.21,0.12,0.09,0.295,0.366,4.37,1.48,0.19,0.48,0.33,0.11,0.11,0.11,0.15,0,0,12760
Nick Pivetta,Phillies,0.24,0.09,0.15,0.269,0.329,4.42,1.22,0.2,0.44,0.36,0.08,0.16,0.06,0.13,0,0,15454
Matt Moore,- - -,0.19,0.09,0.1,0.281,0.324,4.66,0.9,0.21,0.38,0.42,0.09,0.11,0.12,0.21,0,0,1890
Carlos Estevez,Rockies,0.21,0.09,0.11,0.291,0.36,3.84,1.7,0.28,0.45,0.27,0.19,0.11,0.02,0,0,6,14542
Jharel Cotton,Athletics,0.19,0.09,0.09,0.261,0.279,5.68,0.8,0.17,0.37,0.46,0.13,0.15,0.07,0.29,0,0,13654
Wade Miley,Orioles,0.20,0.13,0.07,0.284,0.332,5.27,1.88,0.23,0.5,0.27,0.1,0.19,0.06,0.25,0,0,8779
Luke Sims,Braves,0.17,0.09,0.08,0.281,0.314,5.07,0.97,0.23,0.38,0.39,0.07,0.13,0.05,0.25,0,1,13470
Michael Feliz,- - -,0.31,0.11,0.21,0.262,0.368,3.66,0.71,0.3,0.29,0.41,0.15,0.14,0.14,0,0,5,11903
Nick Martinez,Rangers,0.14,0.06,0.08,0.277,0.276,5.8,1.12,0.21,0.42,0.37,0.13,0.19,0.06,0.25,0,0,12730
Chris Volstad,White Sox,0.13,0.08,0.05,0.247,0.242,5.76,2.47,0.11,0.64,0.26,0,0.24,0,0,0,0,9901
Steven Matz,Mets,0.18,0.07,0.11,0.284,0.312,5.21,1.45,0.2,0.47,0.33,0.12,0.19,0.07,0.38,0,0,13361
Steven Okert,Giants,0.19,0.09,0.09,0.231,0.266,4.53,0.63,0.22,0.3,0.48,0.03,0.08,0.08,0,0,11,13580
Tony Sipp,Astros,0.23,0.1,0.13,0.242,0.278,5.14,1.34,0.15,0.49,0.36,0.15,0.2,0.04,0.33,0,4,8280
Dillon Peters,Marlins,0.17,0.12,0.05,0.287,0.328,5.12,2.08,0.19,0.55,0.26,0.16,0.16,0.03,0,0,0,18790
Michael Brady,Athletics,0.18,0.04,0.13,0.264,0.277,5.56,0.7,0.18,0.34,0.48,0.11,0.15,0,0.67,0,0,8461
Joe Blanton,Nationals,0.20,0.07,0.13,0.293,0.326,5.28,0.75,0.22,0.33,0.45,0.08,0.16,0.09,0,0,7,4849
Jumbo Diaz,Rays,0.21,0.11,0.1,0.264,0.315,4.52,0.66,0.23,0.31,0.47,0.22,0.1,0.07,0.6,0,6,3397
Braden Shipley,Diamondbacks,0.15,0.12,0.03,0.292,0.313,6.24,1.03,0.16,0.43,0.41,0.03,0.14,0.11,0,0,0,15158
Francis Martes,Astros,0.28,0.13,0.15,0.243,0.328,4.45,1.2,0.22,0.43,0.36,0.12,0.14,0.05,0,0,1,17303
Anibal Sanchez,- - -,0.22,0.07,0.15,0.3,0.346,5.11,0.94,0.25,0.36,0.39,0.1,0.19,0.09,0.4,0,0,3284
Homer Bailey,Reds,0.16,0.1,0.06,0.282,0.32,4.71,1.42,0.25,0.44,0.31,0.08,0.12,0.08,0,0,0,8362
Ryne Stanek,Rays,0.31,0.13,0.18,0.313,0.417,5.96,0.83,0.22,0.35,0.43,0.04,0.26,0,0,0,4,15947
Phil Hughes,Twins,0.16,0.05,0.1,0.313,0.333,5.43,0.67,0.24,0.3,0.46,0.09,0.14,0.02,0,0,0,7450
Jeff Hoffman,Rockies,0.19,0.09,0.1,0.268,0.304,4.8,1,0.18,0.41,0.41,0.09,0.12,0.06,0.2,0,0,17432
Michael Ynoa,White Sox,0.16,0.16,0.01,0.246,0.276,6.16,0.78,0.2,0.35,0.45,0.07,0.1,0.03,0,0,0,14093
Bartolo Colon,- - -,0.15,0.05,0.1,0.3,0.322,4.87,1.13,0.19,0.43,0.38,0.09,0.14,0.08,0.27,0,0,375
Mike Pelfrey,White Sox,0.15,0.11,0.03,0.268,0.276,6.35,1.48,0.16,0.5,0.34,0.08,0.19,0.07,1,0,0,5203
A.J. Griffin,Rangers,0.18,0.08,0.1,0.25,0.251,6.26,0.49,0.13,0.29,0.58,0.17,0.14,0.06,1,0,0,11132
Mike Wright,Orioles,0.25,0.08,0.17,0.274,0.341,4.63,1.18,0.26,0.4,0.34,0.18,0.18,0.08,0,0,0,12586
Blaine Hardy,Tigers,0.18,0.08,0.1,0.322,0.361,5.38,0.75,0.23,0.33,0.44,0.06,0.14,0.16,0,0,6,6499
Anthony Banda,Diamondbacks,0.22,0.09,0.13,0.255,0.329,3.24,0.9,0.23,0.37,0.41,0,0.03,0.15,0.33,0,0,14706
Paolo Espino,- - -,0.18,0.09,0.09,0.24,0.232,6.91,0.9,0.19,0.38,0.43,0.16,0.23,0.04,0.33,0,1,8246
Derek Holland,- - -,0.17,0.12,0.06,0.278,0.301,6.09,0.9,0.21,0.38,0.42,0.09,0.16,0.1,0.33,0,0,4141
Justin Grimm,- - -,0.24,0.12,0.12,0.231,0.261,5.45,1.11,0.2,0.42,0.38,0.1,0.21,0.03,0,1,7,11720
Adam Conley,Marlins,0.16,0.09,0.07,0.276,0.295,5.62,0.95,0.19,0.4,0.42,0.15,0.14,0.05,0.39,0,0,14457
Zach Eflin,Phillies,0.13,0.04,0.08,0.3,0.297,6.1,1.15,0.18,0.44,0.38,0.06,0.19,0.01,0.33,0,0,13774
Yovani Gallardo,- - -,0.16,0.11,0.05,0.275,0.295,5.64,1.19,0.2,0.43,0.37,0.16,0.16,0.07,0,1,0,8173
Sam Dyson,- - -,0.13,0.1,0.03,0.297,0.317,5.7,2.91,0.18,0.61,0.21,0.07,0.22,0.12,0.5,14,4,11710
Jordan Zimmermann,Tigers,0.15,0.06,0.09,0.309,0.336,4.95,0.77,0.25,0.33,0.42,0.13,0.12,0.05,0.71,0,0,4505
Josh Osich,Giants,0.21,0.13,0.08,0.293,0.352,5.39,1.39,0.23,0.45,0.33,0.08,0.18,0.07,0,0,8,11528
Jason Grilli,- - -,0.26,0.1,0.16,0.279,0.324,6.08,0.57,0.27,0.27,0.47,0.17,0.22,0.16,1,1,4,521
Mike Bolsinger,Blue Jays,0.20,0.14,0.06,0.289,0.331,6.28,1.38,0.16,0.49,0.35,0.11,0.2,0.07,0,0,0,11137
Joely Rodriguez,Phillies,0.13,0.11,0.02,0.322,0.355,5.86,2.5,0.18,0.59,0.23,0,0.18,0.11,0.33,0,3,11487
Brett Anderson,- - -,0.15,0.08,0.07,0.317,0.364,4.1,2.21,0.29,0.49,0.22,0.07,0.12,0.11,1,0,0,8223
Chase De Jong,Mariners,0.10,0.1,0,0.277,0.277,5.91,0.64,0.21,0.31,0.48,0.09,0.11,0.07,0,0,0,15036
Chris Beck,White Sox,0.14,0.12,0.03,0.285,0.288,6.84,1.05,0.21,0.4,0.39,0.09,0.2,0.05,0,0,3,13418
Bryan Morris,Giants,0.16,0.12,0.04,0.289,0.343,3.92,1.63,0.23,0.48,0.29,0.05,0.05,0,0.33,0,1,10234
Matt Harvey,Mets,0.16,0.1,0.06,0.29,0.309,6.14,1.28,0.23,0.43,0.34,0.1,0.2,0.09,0.36,0,0,11713
Jacob Turner,- - -,0.12,0.1,0.02,0.304,0.313,6.05,1.08,0.18,0.43,0.4,0.08,0.15,0.03,0,0,1,10185
Shawn Kelley,Nationals,0.24,0.08,0.16,0.258,0.238,7.83,0.39,0.13,0.25,0.62,0.08,0.23,0.25,0,4,2,7773
Daniel Gossett,Athletics,0.17,0.08,0.09,0.307,0.331,5.59,1.32,0.24,0.43,0.33,0.07,0.2,0.06,0.2,0,0,16164
Asher Wojciechowski,Reds,0.23,0.07,0.16,0.278,0.322,5.18,0.57,0.2,0.29,0.51,0.17,0.15,0.04,0.25,0,2,10836
Chad Bell,Tigers,0.19,0.1,0.09,0.315,0.368,5.28,1.35,0.22,0.45,0.33,0.06,0.17,0.09,0,0,1,10297
David Paulino,Astros,0.27,0.06,0.21,0.298,0.354,5.12,0.6,0.19,0.3,0.51,0.12,0.19,0,1,0,0,17418
Amir Garrett,Reds,0.21,0.12,0.09,0.26,0.271,6.65,1.24,0.19,0.45,0.36,0.05,0.27,0.05,0,0,1,14375
Marco Gonzales,- - -,0.18,0.05,0.13,0.345,0.393,4.84,1.53,0.24,0.46,0.3,0.11,0.18,0.06,0,0,0,15467
Tyson Ross,- - -,0.16,0.13,0.03,0.268,0.301,5.53,1.56,0.2,0.49,0.31,0.06,0.14,0.06,0.33,0,0,7872
Blaine Boyer,- - -,0.16,0.09,0.07,0.332,0.382,4.68,1,0.29,0.36,0.36,0.09,0.11,0.16,0.5,0,3,2237
Casey Lawrence,- - -,0.19,0.1,0.1,0.318,0.37,5.16,1.44,0.24,0.45,0.31,0.1,0.18,0.06,0,0,0,11121
Dillon Overton,- - -,0.11,0.04,0.07,0.306,0.296,6.24,1,0.19,0.41,0.41,0.03,0.17,0.11,1,0,0,15627
Tom Koehler,- - -,0.19,0.11,0.08,0.284,0.313,6.05,1.06,0.22,0.4,0.38,0.07,0.19,0.06,0,0,2,6570
Andrew Heaney,Angels,0.28,0.08,0.2,0.301,0.328,7.56,0.64,0.23,0.3,0.47,0.08,0.33,0.09,0,0,0,15423
Chris Smith,Athletics,0.12,0.09,0.04,0.264,0.244,7.02,0.86,0.2,0.37,0.43,0.08,0.19,0.08,0,0,0,4544
Travis Wood,- - -,0.15,0.1,0.05,0.303,0.325,5.9,0.83,0.22,0.36,0.43,0.1,0.14,0.08,0.29,0,1,9884
Jordan Lyles,- - -,0.18,0.07,0.11,0.301,0.333,5.3,1.48,0.18,0.49,0.33,0.08,0.19,0.05,0,0,4,7593
Ubaldo Jimenez,Orioles,0.22,0.09,0.13,0.289,0.329,5.54,1.19,0.21,0.43,0.36,0.08,0.21,0.06,0.4,0,0,3374
Vance Worley,Marlins,0.15,0.09,0.06,0.333,0.378,4.9,1.72,0.23,0.49,0.28,0.09,0.13,0.08,0,1,0,6435
Brandon Maurer,- - -,0.21,0.08,0.14,0.303,0.361,4.53,1.05,0.26,0.38,0.36,0.12,0.15,0.05,0,22,6,4878
Buck Farmer,Tigers,0.24,0.1,0.13,0.286,0.351,5.03,0.67,0.22,0.31,0.47,0.07,0.13,0.1,1,0,1,14814
Jake Petricka,White Sox,0.21,0.05,0.16,0.339,0.398,4.99,1.75,0.26,0.47,0.27,0.04,0.25,0.02,0,0,3,10534
Frankie Montas,Athletics,0.24,0.13,0.11,0.302,0.349,7.13,0.87,0.24,0.36,0.41,0.08,0.26,0,0,0,1,14309
Raul Alcantara,Athletics,0.11,0.11,0,0.237,0.224,6.74,1.5,0.19,0.49,0.33,0.04,0.19,0.13,0,0,0,12790
Neil Ramirez,- - -,0.29,0.14,0.15,0.267,0.358,4.94,0.63,0.2,0.31,0.49,0.12,0.14,0.22,0,0,2,7677
Mike Morin,- - -,0.17,0.05,0.12,0.333,0.382,4.41,1.38,0.16,0.49,0.35,0.17,0.13,0.09,0,0,0,13442
Jeanmar Gomez,Phillies,0.21,0.07,0.14,0.341,0.381,6.56,2,0.24,0.51,0.25,0,0.41,0.06,0,2,0,9033
Brian Ellington,Marlins,0.22,0.16,0.06,0.27,0.333,5.8,0.77,0.19,0.35,0.46,0.07,0.12,0.07,0,0,6,17233
Caleb Smith,- - -,0.24,0.15,0.09,0.266,0.326,5.61,0.59,0.26,0.27,0.47,0.13,0.15,0.04,0,0,0,14875
Miguel Diaz,Padres,0.17,0.13,0.04,0.268,0.275,7.02,0.96,0.18,0.4,0.42,0.11,0.2,0.15,0,0,0,18815
Bronson Arroyo,Reds,0.14,0.06,0.08,0.312,0.305,6.99,0.63,0.21,0.3,0.48,0.11,0.19,0.03,0.17,0,0,978
Jered Weaver,Padres,0.12,0.06,0.06,0.291,0.257,8.12,1.09,0.22,0.41,0.37,0.09,0.29,0.07,1,0,0,4235
Chris Young,Royals,0.15,0.1,0.05,0.353,0.385,6.22,1.15,0.24,0.41,0.35,0.15,0.18,0.13,0,0,0,3196
Tyler Glasnow,Pirates,0.19,0.15,0.05,0.3,0.349,6.03,1.2,0.21,0.43,0.36,0.09,0.18,0.08,0,0,1,14374
Kevin Quackenbush,- - -,0.17,0.13,0.04,0.299,0.327,6.2,1.31,0.24,0.43,0.33,0.06,0.19,0.04,0.5,0,1,12360
Rex Brothers,Braves,0.31,0.13,0.18,0.25,0.357,3.91,1.1,0.25,0.39,0.36,0.1,0.14,0.04,0,0,2,9794
Cesar Valdez,- - -,0.15,0.08,0.07,0.32,0.34,5.93,1.39,0.26,0.43,0.31,0,0.21,0.07,0,0,0,9013
Tommy Milone,- - -,0.17,0.06,0.11,0.314,0.325,6.49,0.88,0.24,0.36,0.4,0.16,0.22,0.02,0,1,0,7608
Dylan Covey,White Sox,0.13,0.11,0.02,0.303,0.296,7.2,1.38,0.17,0.49,0.35,0.01,0.25,0.05,0,0,0,14825
Francisco Rodriguez,Tigers,0.20,0.09,0.1,0.292,0.297,7.38,0.6,0.19,0.3,0.51,0.17,0.21,0.04,0,7,0,1642
Miguel Socolovich,- - -,0.17,0.04,0.13,0.31,0.343,4.99,0.67,0.21,0.31,0.47,0.18,0.12,0,0,1,0,6697
Wily Peralta,Brewers,0.19,0.12,0.07,0.309,0.362,5.34,1.33,0.22,0.45,0.34,0.07,0.16,0.12,0,0,0,7738
Chris Flexen,Mets,0.16,0.15,0,0.316,0.342,6.95,1.1,0.21,0.41,0.38,0.07,0.19,0.09,0.33,0,0,13896
Ricardo Pinto,Phillies,0.17,0.12,0.05,0.302,0.33,6.36,1.26,0.21,0.44,0.35,0.06,0.2,0.05,0.33,0,2,16318
Lisalverto Bonilla,Reds,0.16,0.13,0.04,0.284,0.304,6.43,1.23,0.22,0.43,0.35,0.05,0.2,0.12,0.17,0,0,11266
Jeff Locke,Marlins,0.17,0.1,0.07,0.307,0.355,4.56,1.41,0.2,0.47,0.33,0.05,0.11,0.06,0,0,0,2929
Steven Wright,Red Sox,0.11,0.04,0.07,0.374,0.365,7.82,1.18,0.23,0.42,0.35,0.06,0.27,0.1,0,0,0,8185
Chris Tillman,Orioles,0.13,0.12,0.01,0.332,0.345,7.02,1.07,0.24,0.4,0.37,0.09,0.19,0.06,0.5,0,0,5279
Matt Wisler,Braves,0.14,0.09,0.06,0.312,0.342,5.2,0.65,0.2,0.32,0.49,0.07,0.09,0.08,0,0,0,12804
Rookie Davis,Reds,0.16,0.11,0.05,0.352,0.383,7.16,1.16,0.2,0.43,0.37,0.1,0.23,0.03,0.33,0,0,14962
Joe Jimenez,Tigers,0.19,0.09,0.1,0.302,0.352,4.74,0.7,0.19,0.33,0.48,0.07,0.09,0.13,1,0,2,15761
Eric Skoglund,Royals,0.15,0.11,0.04,0.358,0.408,5.43,0.9,0.21,0.38,0.42,0.12,0.1,0.05,1,0,0,16155
